STUDY_ID,STUDY_TEXT,SUBJECT_ID,SUBJECT_TEXT,SEMESTER_TEXT
803,Audiologopædi,Psykolingvistik og statistik,Psykolingvistik og statistik,Bachelor
810,Danish culture courses,Søren Kierkegaard and the Challenge of Existence,Søren Kierkegaard and the Challenge of Existence,Bachelor
812,Dansk,Sprog og kontekst,Sprog og kontekst,1.år/2.sem/Bach
812,Dansk,Danskfagets teori og metoder,Danskfagets teori og metoder,2.år/4.sem/Bach
812,Dansk,Sociolingvistikkens nye tendenser,Sociolingvistikkens nye tendenser,3.år/6.sem/Bach
812,Dansk,"Kommunikation: Ledelse, organisation og kommunikat","Kommunikation: Ledelse, organisation og kommunikat",Bachelor
812,Dansk,Danskfagets didaktik,Danskfagets didaktik,Kandidat
812,Dansk,"Hav, kyst og klima i dansk og nordisk litteratur:","Hav, kyst og klima i dansk og nordisk litteratur:",Kandidat
812,Dansk,Kommunikationsrådgivning og rådgiverens rolle,Kommunikationsrådgivning og rådgiverens rolle,Kandidat
813,Dansk som andetsprog,Andetsprogstilegnelse,Andetsprogstilegnelse,Bachelor
892,"EnGeRom - Engelsk, Germansk, Romanske Studier",Transatlantic Feminisms,Transatlantic Feminisms,Bachelor
892,"EnGeRom - Engelsk, Germansk, Romanske Studier","Fremmedsprogstilegnelse, kultur og didaktik","Fremmedsprogstilegnelse, kultur og didaktik",Kandidat
892,"EnGeRom - Engelsk, Germansk, Romanske Studier",Writing in English: Creative Non-Fiction in Englis,Writing in English: Creative Non-Fiction in Englis,Master.
815,Engelsk,"Culture 2: Literature, History and Culture","Culture 2: Literature, History and Culture",1.år/2.sem/Bach
815,Engelsk,"Sprog 2: fonetik, grammatik og oversættelse","Sprog 2: fonetik, grammatik og oversættelse",1.år/2.sem/Bach
815,Engelsk,"American Studies, American Politics, and American","American Studies, American Politics, and American",2.år/4.sem/Bach
815,Engelsk,The Fantastic in Literature: From Book to Film,The Fantastic in Literature: From Book to Film,2.år/4.sem/Bach
815,Engelsk,"Elective Subject, topic 1: Literature and Emotions","Elective Subject, topic 1: Literature and Emotions",Bachelor
815,Engelsk,"Global English: Accents, intelligibility and compr","Global English: Accents, intelligibility and compr",Bachelor
815,Engelsk,At Sixes and Sevens: The US and the UK in an age..,At Sixes and Sevens: The US and the UK in an age..,Kandidat
815,Engelsk,"Literature, history and culture","Literature, history and culture",Kandidat
815,Engelsk,Mirror of Modernity: Sensation and 19th-Cent. Fict,Mirror of Modernity: Sensation and 19th-Cent. Fict,Kandidat
815,Engelsk,Mirror of Modernity: Sensation and 19th-Cent.Fict.,Mirror of Modernity: Sensation and 19th-Cent.Fict.,Kandidat
815,Engelsk,The Self and the World in 21th.Cent. U.S fiction,The Self and the World in 21th.Cent. U.S fiction,Kandidat
815,Engelsk,Writing Africa: Four Perspectives on Nigerian and,Writing Africa: Four Perspectives on Nigerian and,Kandidat
818,Film- og medievidenskab,Digital Strategic Communication,Digital Strategic Communication,Bachelor
818,Film- og medievidenskab,Digital strategisk kommunikation,Digital strategisk kommunikation,Bachelor
818,Film- og medievidenskab,Kvalitative og kvantitative metoder i film- og...,Kvalitative og kvantitative metoder i film- og...,Bachelor
819,Filosofi,"Argumentationsteori, logik og sprogfilosofi","Argumentationsteori, logik og sprogfilosofi",1.år/2.sem/Bach
819,Filosofi,Videnskabsfilosofi og anvendt filosofi,Videnskabsfilosofi og anvendt filosofi,2.år/4.sem/Bach
819,Filosofi,Videnskabsfilosofi og anvendt filosofi (ÅU),Videnskabsfilosofi og anvendt filosofi (ÅU),Deltid/Åben uni
822,Fransk sprog og kultur,Oversættelse: Fransk-dansk,Oversættelse: Fransk-dansk,Bachelor
826,Historie,Hverdag og krig i Danmark 1940-1945 (Område 2),Hverdag og krig i Danmark 1940-1945 (Område 2),1.år/2.sem/Bach
826,Historie,"Liberale, konservative og kampen om amerikansk j..","Liberale, konservative og kampen om amerikansk j..",1.år/2.sem/Bach
826,Historie,Velfærdsstat og børneforsorg i Danmark i det 20. å,Velfærdsstat og børneforsorg i Danmark i det 20. å,1.år/2.sem/Bach
826,Historie,HIS 76. Bibelen - en boghistorie,HIS 76. Bibelen - en boghistorie,2.år/4.sem/Bach
826,Historie,"Radikalisering i oplysningstiden: køn, politik og","Radikalisering i oplysningstiden: køn, politik og",3.år/6.sem/Bach
826,Historie,Efter den Kolde Krig var forbi. Fra Engagement til,Efter den Kolde Krig var forbi. Fra Engagement til,Bachelor
826,Historie,Sporten og dens samfundsmæssige betydning i den se,Sporten og dens samfundsmæssige betydning i den se,Bachelor
826,Historie,Go West. Historiske perspektiver på USA's kulturel,Go West. Historiske perspektiver på USA's kulturel,Deltid/Åben uni
826,Historie,Oplysningstiden som ideal eller dystopi: 1700-tall,Oplysningstiden som ideal eller dystopi: 1700-tall,Kandidatfag
831,Informationsstudier,Design og formidling,Design og formidling,Bachelor
831,Informationsstudier,Internet og samfund,Internet og samfund,Bachelor
831,Informationsstudier,Kulturens institutioner og aktører + TV,Kulturens institutioner og aktører + TV,Bachelor
831,Informationsstudier,Videnskabsteori,Videnskabsteori,Bachelor
840,Japanstudier,"Intro. to Japan's history, culture and society B/2","Intro. to Japan's history, culture and society B/2",Bachelor
840,Japanstudier,Japansk Propædeutik 2,Japansk Propædeutik 2,Bachelor
841,Kinastudier,Kinesisk Propædeutik 2 (OBS: Ikke  med CBS),Kinesisk Propædeutik 2 (OBS: Ikke  med CBS),Bachelor
844,Kommunikation,Procesledelse og facilitering,Procesledelse og facilitering,Bachelor
845,Kommunikation og IT,Empiriske Undersøgelsesmetoder 1,Empiriske Undersøgelsesmetoder 1,1.år/2.sem/Bach
848,Kunsthistorie,Kunsthistorie 1800-1960 (ÅU),Kunsthistorie 1800-1960 (ÅU),Bachelor
852,Lingvistik,Fonetik og fonologi,Fonetik og fonologi,1.år/2.sem/Bach
853,Litteraturvidenskab,Den moderne litteraturs og kulturs historie 2,Den moderne litteraturs og kulturs historie 2,Bachelor
853,Litteraturvidenskab,Litteraturteori og -analyse 2,Litteraturteori og -analyse 2,Bachelor
853,Litteraturvidenskab,Moderne kultur: Kulturanalytisk emne: Sianne Ngai:,Moderne kultur: Kulturanalytisk emne: Sianne Ngai:,Kandidatfag
855,Master in Applied Cultural Analysis (MACA),Fieldwork and Project Management (MACA 5),Fieldwork and Project Management (MACA 5),Kandidat
855,Master in Applied Cultural Analysis (MACA),Methodologies for Cultural Analysis (MACA 4),Methodologies for Cultural Analysis (MACA 4),Master
857,Mellemøstens sprog og samfund,Religion og samfund i Mellemøsten,Religion og samfund i Mellemøsten,1.år/2.sem/Bach
873,Pædagogik,Pædagogisk sociologi og uddannelsessociologi,Pædagogisk sociologi og uddannelsessociologi,1.år/2.sem/Bach
873,Pædagogik,Pædagogisk videnskabsteori og forskningsmetode,Pædagogisk videnskabsteori og forskningsmetode,Bachelor
874,Religionsvidenskab,Kristendomshistorie,Kristendomshistorie,1.år/1.sem/Bach
876,Retorik,Mundtlig retorik og rådgivning,Mundtlig retorik og rådgivning,2.år/4.sem/Bach
876,Retorik,"Retorisk skrivning, sprog og stil","Retorisk skrivning, sprog og stil",2.år/4.sem/Bach
893,"SAXO Arkæologi, Etnologi, Historie, Græsk og Latin",Græsk-romersk arkæologi og kunsthistorie,Græsk-romersk arkæologi og kunsthistorie,1.år/2.sem/Bach
893,"SAXO Arkæologi, Etnologi, Historie, Græsk og Latin",Human Osteoarchaeology,Human Osteoarchaeology,Bachelor
893,"SAXO Arkæologi, Etnologi, Historie, Græsk og Latin",Københavnernes historie 1700-1850,Københavnernes historie 1700-1850,Bachelor
893,"SAXO Arkæologi, Etnologi, Historie, Græsk og Latin",Rejsen i middelalderen,Rejsen i middelalderen,Bachelor
882,Teater- og performancestudier,Forestillingsanalyse,Forestillingsanalyse,Bachelor
885,Tværkulturelle studier,Humaniora i praksis: Feltarbejde,Humaniora i praksis: Feltarbejde,BA/Kand. Tilvalg
885,Tværkulturelle studier,Kinesisk Propædeutik 2 (OBS: Ikke  med CBS),Kinesisk Propædeutik 2 (OBS: Ikke  med CBS),Bachelor
887,Tysk sprog og kultur,Kultur 2: tysk historie og litteraturhistorie,Kultur 2: tysk historie og litteraturhistorie,1.år/2.sem/Bach
887,Tysk sprog og kultur,"Tyskfagligt emne, inkl. mundtlig og skriftlig...","Tyskfagligt emne, inkl. mundtlig og skriftlig...",Bachelor
888,Visuel kultur,Visuel praksis,Visuel praksis,Kandidat
891,Østeuropastudier,Oversættelse til dansk,Oversættelse til dansk,Kandidat
900,Jura Bachelor,Erstatning og Kontrakt,Erstatning og Kontrakt,1.år/2.sem/Bach
900,Jura Bachelor,Individets grundlæggende rettigheder,Individets grundlæggende rettigheder,1.år/2.sem/Bach
900,Jura Bachelor,Institutionel forfatningsret og EU-forfatningsret,Institutionel forfatningsret og EU-forfatningsret,1.år/2.sem/Bach
900,Jura Bachelor,Forvaltningsret,Forvaltningsret,2.år/4.sem/Bach
900,Jura Bachelor,Tings- og kreditorret,Tings- og kreditorret,2.år/4.sem/Bach
900,Jura Bachelor,BA-PROJEKT - Bachelorprojekt,BA-PROJEKT - Bachelorprojekt,3.år/6.sem/Bach
900,Jura Bachelor,Retsfilosofi og retssociologi,Retsfilosofi og retssociologi,3.år/6.sem/Bach
900,Jura Bachelor,Retshistorie,Retshistorie,3.år/6.sem/Bach
901,Jura Kandidat,Arbejdsmarkedsret (Cand. soc. i jura),Arbejdsmarkedsret (Cand. soc. i jura),Cand.Soc.
901,Jura Kandidat,"Erhvervsret - selskaber, finan (Cand. soc. i jura)","Erhvervsret - selskaber, finan (Cand. soc. i jura)",Cand.Soc.
901,Jura Kandidat,Juridisk Kommunikation i Teori og Praksis,Juridisk Kommunikation i Teori og Praksis,Cand.Soc.
901,Jura Kandidat,Ansættelsesret,Ansættelsesret,Kandidatfag
901,Jura Kandidat,Arbejdsret (KA-valgfag),Arbejdsret (KA-valgfag),Kandidatfag
901,Jura Kandidat,Art Crime and the Law,Art Crime and the Law,Kandidatfag
901,Jura Kandidat,Bank- og Finansret,Bank- og Finansret,Kandidatfag
901,Jura Kandidat,Bevisret,Bevisret,Kandidatfag
901,Jura Kandidat,Civilprocesret (obligatorisk 2017-studieordning),Civilprocesret (obligatorisk 2017-studieordning),Kandidatfag
901,Jura Kandidat,Criminological Theory,Criminological Theory,Kandidatfag
901,Jura Kandidat,Databeskyttelsesret,Databeskyttelsesret,Kandidatfag
901,Jura Kandidat,Drafting and Negotiating International Contracts,Drafting and Negotiating International Contracts,Kandidatfag
901,Jura Kandidat,EU Competition Law,EU Competition Law,Kandidatfag
901,Jura Kandidat,Entrepriseret (Byggeret),Entrepriseret (Byggeret),Kandidatfag
901,Jura Kandidat,Finansieringsret,Finansieringsret,Kandidatfag
901,Jura Kandidat,IT-ret,IT-ret,Kandidatfag
901,Jura Kandidat,Immaterialret,Immaterialret,Kandidatfag
901,Jura Kandidat,Insolvensret,Insolvensret,Kandidatfag
901,Jura Kandidat,International Criminal Law and Procedure.,International Criminal Law and Procedure.,Kandidatfag
901,Jura Kandidat,International Migration Law,International Migration Law,Kandidatfag
901,Jura Kandidat,It-kontraktret,It-kontraktret,Kandidatfag
901,Jura Kandidat,Juridisk metode   argumentation,Juridisk metode   argumentation,Kandidatfag
901,Jura Kandidat,Konfliktmægling (Mediation),Konfliktmægling (Mediation),Kandidatfag
901,Jura Kandidat,Latin for Jurister,Latin for Jurister,Kandidatfag
901,Jura Kandidat,Legal English,Legal English,Kandidatfag
901,Jura Kandidat,Legal Negotiation in Theory and Practice,Legal Negotiation in Theory and Practice,Kandidatfag
901,Jura Kandidat,Mediation in Legal Contexts,Mediation in Legal Contexts,Kandidatfag
901,Jura Kandidat,Medieret,Medieret,Kandidatfag
901,Jura Kandidat,Peaceful Settlement of International Disputes,Peaceful Settlement of International Disputes,Kandidatfag
901,Jura Kandidat,Pensionsret,Pensionsret,Kandidatfag
901,Jura Kandidat,Praktisk Aftaleret,Praktisk Aftaleret,Kandidatfag
901,Jura Kandidat,Selskabsret,Selskabsret,Kandidatfag
901,Jura Kandidat,Skatteret (Obligatorisk),Skatteret (Obligatorisk),Kandidatfag
901,Jura Kandidat,Socialret,Socialret,Kandidatfag
901,Jura Kandidat,Speciale - Jurastudiet,Speciale - Jurastudiet,Kandidatfag
901,Jura Kandidat,Specialiseret erstatningsret,Specialiseret erstatningsret,Kandidatfag
901,Jura Kandidat,Specialiseret familieret,Specialiseret familieret,Kandidatfag
901,Jura Kandidat,Specialstrafferet,Specialstrafferet,Kandidatfag
901,Jura Kandidat,Straffeprocesret,Straffeprocesret,Kandidatfag
901,Jura Kandidat,Straffuldbyrdelsesret,Straffuldbyrdelsesret,Kandidatfag
901,Jura Kandidat,Sundhedsret,Sundhedsret,Kandidatfag
901,Jura Kandidat,Udbudsret,Udbudsret,Kandidatfag
901,Jura Kandidat,Udlændingeret,Udlændingeret,Kandidatfag
901,Jura Kandidat,Udvidet skatteret (obligatorisk),Udvidet skatteret (obligatorisk),Kandidatfag
904,Jura Masteruddannelse,Konfliktmægling (Master),Konfliktmægling (Master),Master.
903,Politiskolen - Grunduddannelsen,Politiskolen - Grundbøger,Politiskolen - Grundbøger,Polti Grundudd
421,Agricultural Economics,Incentives and Regulation - agro.eco,Incentives and Regulation - agro.eco,Kandidat blok 3
421,Agricultural Economics,Applied Environmental and Natural Resource-agri ec,Applied Environmental and Natural Resource-agri ec,Kandidat blok 4
422,Agriculture  Agronom,Geographical Information Systems (GIS) agronom,Geographical Information Systems (GIS) agronom,Kandidat blok 3
422,Agriculture  Agronom,Incentives and Regulation - agronom,Incentives and Regulation - agronom,Kandidat blok 3
422,Agriculture  Agronom,Molecular Plant-Microbe Interactions - agronom,Molecular Plant-Microbe Interactions - agronom,Kandidat blok 3
422,Agriculture  Agronom,Cool Climate Viticulture and Enology,Cool Climate Viticulture and Enology,Kandidat blok 4
422,Agriculture  Agronom,Working as a Consultant - agronom,Working as a Consultant - agronom,Kandidat blok 4
653,Biokemi,Cellebiologi for biokemikere BIOKEMI,Cellebiologi for biokemikere BIOKEMI,Bach.2.år blok 4
654,Biologi,Almen biokemi 1 (BioK1) BIOLOGI,Almen biokemi 1 (BioK1) BIOLOGI,Bach.1.år blok 4
654,Biologi,"Feltbiologi I, II og III (Feltbio) BIOLOGI","Feltbiologi I, II og III (Feltbio) BIOLOGI",Bach.1.år blok 4
654,Biologi,Evolutionsbiologi BIOLOGI,Evolutionsbiologi BIOLOGI,Bach.2.år blok 4
654,Biologi,Zoofysiologi (Zoofys) BIOLOGI,Zoofysiologi (Zoofys) BIOLOGI,Bach.3.år blok 4
654,Biologi,Botanik BIOLOGI,Botanik BIOLOGI,Bachelor blok 4
654,Biologi,Cellular and Molecular Immunology BIO,Cellular and Molecular Immunology BIO,Bachelor blok 4
654,Biologi,Danmarks fauna - Hvirveldyr (DanFauna) BIOLOGI,Danmarks fauna - Hvirveldyr (DanFauna) BIOLOGI,Bachelor blok 4
654,Biologi,Grundkursus i de naturvidenskabelige fags.. BIOLOG,Grundkursus i de naturvidenskabelige fags.. BIOLOG,Bachelor blok 4
654,Biologi,Invasion Biology BIOLOGI,Invasion Biology BIOLOGI,Kandidat blok 4
654,Biologi,Mammalian Genomics BIOLOGI,Mammalian Genomics BIOLOGI,Kandidat blok 4
654,Biologi,Terrestrial Ecosystem Processes BIOLOGI,Terrestrial Ecosystem Processes BIOLOGI,Kandidat blok 4
400,Biologi - bioteknologi,Mikrobiologi - biotek,Mikrobiologi - biotek,Bach.1.år blok 3
400,Biologi - bioteknologi,Organisk Kemi for biovidenskab - biotek,Organisk Kemi for biovidenskab - biotek,Bach.1.år blok 3
400,Biologi - bioteknologi,Molekylær genetik - biotek,Molekylær genetik - biotek,Bach.1.år blok 4
400,Biologi - bioteknologi,Experimental Molecular Biology - biotek,Experimental Molecular Biology - biotek,Bach.2.år blok 3
400,Biologi - bioteknologi,Dyrs og Planters Diversitet - biotek,Dyrs og Planters Diversitet - biotek,Bach.2.år blok 4
400,Biologi - bioteknologi,Grundkursus i de naturvidenskabelige fags  - biote,Grundkursus i de naturvidenskabelige fags  - biote,Bach.2.år blok 4
400,Biologi - bioteknologi,Almen Økologi (Økologi) - biotek,Almen Økologi (Økologi) - biotek,Bach.3.år blok 3
400,Biologi - bioteknologi,Bioteknologiens videnskabsteori - biotek,Bioteknologiens videnskabsteori - biotek,Bach.3.år blok 3
400,Biologi - bioteknologi,Analytical Chemistry - biotek,Analytical Chemistry - biotek,Bachelor blok 3
400,Biologi - bioteknologi,Uorganisk kemi 2 (KemiU2) Biotek,Uorganisk kemi 2 (KemiU2) Biotek,Bachelor blok 3
400,Biologi - bioteknologi,Videregående plantebiologi - biotek,Videregående plantebiologi - biotek,Bachelor blok 3
400,Biologi - bioteknologi,Genetik - Biotek,Genetik - Biotek,Bachelor blok 4
400,Biologi - bioteknologi,Mammalian genomics,Mammalian genomics,Bachelor blok 4
424,Biology-Biotechnology,Analytical Chemistry biotek,Analytical Chemistry biotek,Kandidat blok 3
424,Biology-Biotechnology,Anvendt matematik for kemikere (AnvMatKem) biotek,Anvendt matematik for kemikere (AnvMatKem) biotek,Kandidat blok 3
424,Biology-Biotechnology,Medical Bacteriology - biotek,Medical Bacteriology - biotek,Kandidat blok 3
424,Biology-Biotechnology,Molecular Plant-Microbe Interactions - biotek,Molecular Plant-Microbe Interactions - biotek,Kandidat blok 3
424,Biology-Biotechnology,"Sygdomslære, og farmakologi - biotek","Sygdomslære, og farmakologi - biotek",Kandidat blok 3
424,Biology-Biotechnology,Advanced Biotechnology and Intellectual Property R,Advanced Biotechnology and Intellectual Property R,Kandidat blok 4
424,Biology-Biotechnology,Anvendt spektroskopi ( AnvSPEK) - biotek,Anvendt spektroskopi ( AnvSPEK) - biotek,Kandidat blok 4
424,Biology-Biotechnology,"Feltbiologi I, II og III (Feltbio) biotek","Feltbiologi I, II og III (Feltbio) biotek",Kandidat blok 4
424,Biology-Biotechnology,Kemisk binding (KemiBin) biotek,Kemisk binding (KemiBin) biotek,Kandidat blok 4
424,Biology-Biotechnology,Laboratory Animal Science  Function ABD -BIOTEK,Laboratory Animal Science  Function ABD -BIOTEK,Kandidat blok 4
440,Climate Change,Climate change mechanisms and tipping points cli.,Climate change mechanisms and tipping points cli.,Kandidat blok 3
440,Climate Change,Global Environmental Governance - cli.change,Global Environmental Governance - cli.change,Kandidat blok 3
440,Climate Change,The Economics of Climate Change - climate change,The Economics of Climate Change - climate change,Kandidat blok 3
440,Climate Change,Energy Systems and Climate Mitigation- CLI-CHA,Energy Systems and Climate Mitigation- CLI-CHA,Kandidat blok 4
655,Datalogi,Lineær algebra i datalogi (LinAlgDat) DAT,Lineær algebra i datalogi (LinAlgDat) DAT,Bach.1.år blok 4
655,Datalogi,Implementering af programmeringssprog (IPS) DATA,Implementering af programmeringssprog (IPS) DATA,Bach.2.år blok 4
655,Datalogi,Grundkursus i de naturvidenskabelige fags.. DATA,Grundkursus i de naturvidenskabelige fags.. DATA,Bach.3.år blok 4
655,Datalogi,Approximation Algorithms (APX) DATA,Approximation Algorithms (APX) DATA,Kandidat blok 4
617,Datalogi-Økonomi,Lineær Algebra i Datalogi (LinAlgDat) MACHINE,Lineær Algebra i Datalogi (LinAlgDat) MACHINE,Bach.1.år blok 4
617,Datalogi-Økonomi,Mikroøkonomi A (MikØkA) DAT-ØK,Mikroøkonomi A (MikØkA) DAT-ØK,Bach.1.år blok 4
617,Datalogi-Økonomi,Mikroøkonomi B (MikØkB) DAT-ØK,Mikroøkonomi B (MikØkB) DAT-ØK,Bach.2.år blok 4
617,Datalogi-Økonomi,Macroeconomics B (MakØkB) DAT-ØK,Macroeconomics B (MakØkB) DAT-ØK,Bach.3.år blok 4
617,Datalogi-Økonomi,Databases and Information Systems (DIS) DAT-ØK,Databases and Information Systems (DIS) DAT-ØK,Bachelor blok 4
656,De fysiske fag,Geometri 1 (Geom1) FYSIK,Geometri 1 (Geom1) FYSIK,Bach.1.år blok 4
656,De fysiske fag,Matematik F2 (MatF2) FYSIK,Matematik F2 (MatF2) FYSIK,Bach.1.år blok 4
656,De fysiske fag,Kvantemekanik 2 (KM2) FYSIK,Kvantemekanik 2 (KM2) FYSIK,Bach.2.år blok 4
656,De fysiske fag,Statistisk Fysik (StatFys) FYSIK,Statistisk Fysik (StatFys) FYSIK,Bach.2.år blok 4
656,De fysiske fag,Almen biokemi 1 (BioK1) FYSIK,Almen biokemi 1 (BioK1) FYSIK,Bachelor blok 4
656,De fysiske fag,Analyse 1 (An1) FYSIK,Analyse 1 (An1) FYSIK,Bachelor blok 4
656,De fysiske fag,Grundkursus i de naturvidenskabelige fags.. FYSIK,Grundkursus i de naturvidenskabelige fags.. FYSIK,Bachelor blok 4
656,De fysiske fag,Grundkursus i de naturvidenskabelige fags.. FYSIK,Grundkursus i de naturvidenskabelige fags.. FYSIK,Kandidat blok 4
656,De fysiske fag,Grundkursus i de naturvidenskabelige fags.. KEMI,Grundkursus i de naturvidenskabelige fags.. KEMI,Kandidat blok 4
657,De kemiske fag,Anvendt Spektroskopi (AnvSpek) KEMI,Anvendt Spektroskopi (AnvSpek) KEMI,Bach.1.år blok 4
657,De kemiske fag,Kemisk binding (KemiBin) KEMI,Kemisk binding (KemiBin) KEMI,Bach.1.år blok 4
657,De kemiske fag,Advanced Quantum Chemistry (KemiVK) KEMI,Advanced Quantum Chemistry (KemiVK) KEMI,Bachelor blok 4
657,De kemiske fag,Grundkursus i de naturvidenskabelige fags.. KEMI,Grundkursus i de naturvidenskabelige fags.. KEMI,Bachelor blok 4
657,De kemiske fag,Molekylær statistik (MolStat) KEMI,Molekylær statistik (MolStat) KEMI,Kandidat blok 4
426,Environmental & Natural Resource Economics,Economic Valuation Methods & Cost-Benefit - env.na,Economic Valuation Methods & Cost-Benefit - env.na,Kandidat blok 3
426,Environmental & Natural Resource Economics,Incentives and Regulation - env.nat rec,Incentives and Regulation - env.nat rec,Kandidat blok 3
426,Environmental & Natural Resource Economics,Applied Environmental and Natural Resource Env. na,Applied Environmental and Natural Resource Env. na,Kandidat blok 4
445,Environmental Science,Climate change mechanisms and tipping points agron,Climate change mechanisms and tipping points agron,Kandidat blok 3
445,Environmental Science,Environmental Epidemiology,Environmental Epidemiology,Kandidat blok 3
445,Environmental Science,Experimental Design and Statistical Methods env sc,Experimental Design and Statistical Methods env sc,Kandidat blok 3
445,Environmental Science,Geographical Information Systems (GIS) env. sci,Geographical Information Systems (GIS) env. sci,Kandidat blok 3
445,Environmental Science,Global Environmental Governance-env. sci.,Global Environmental Governance-env. sci.,Kandidat blok 3
445,Environmental Science,Natural Resource Sampling and Modelling-env.sci,Natural Resource Sampling and Modelling-env.sci,Kandidat blok 3
445,Environmental Science,The Economics of climate change - env. sci.,The Economics of climate change - env. sci.,Kandidat blok 3
445,Environmental Science,Ecological Modelling - env sci,Ecological Modelling - env sci,Kandidat blok 4
445,Environmental Science,Energy Systems and Climate Mitigation - ENV- SCI,Energy Systems and Climate Mitigation - ENV- SCI,Kandidat blok 4
445,Environmental Science,Invasion Biology env sci,Invasion Biology env sci,Kandidat blok 4
445,Environmental Science,Terrestrial Ecosystem Processes and Glob -env. sci,Terrestrial Ecosystem Processes and Glob -env. sci,Kandidat blok 4
427,Food Science & Technology,Brewing Process and Technology,Brewing Process and Technology,Kandidat blok 3
427,Food Science & Technology,Brewing Project in Practice - FOOD,Brewing Project in Practice - FOOD,Kandidat blok 3
427,Food Science & Technology,Beer and Packaging Technology,Beer and Packaging Technology,Kandidat blok 4
427,Food Science & Technology,Brewing Project in Practice - FOOD,Brewing Project in Practice - FOOD,Kandidat blok 4
427,Food Science & Technology,Cool Climate Viticulture and Enology - FOOD,Cool Climate Viticulture and Enology - FOOD,Kandidat blok 4
428,Forest & Nature Management,Economic Valuation Methods & Cost-Benefit - forest,Economic Valuation Methods & Cost-Benefit - forest,Kandidat blok 3
428,Forest & Nature Management,Global Environmental Governance-forest,Global Environmental Governance-forest,Kandidat blok 3
428,Forest & Nature Management,Natural Resource Sampling and Modelling,Natural Resource Sampling and Modelling,Kandidat blok 3
428,Forest & Nature Management,Project Management - La,Project Management - La,Kandidat blok 3
428,Forest & Nature Management,The Economics of climate change- Forest,The Economics of climate change- Forest,Kandidat blok 3
659,Forsikringsmatematik,Analyse 1 (An1) FORSIKRING,Analyse 1 (An1) FORSIKRING,Bach.1.år blok 4
659,Forsikringsmatematik,Forsikring og jura (Forsik&Jura1) FORSIKRING,Forsikring og jura (Forsik&Jura1) FORSIKRING,Bach.1.år blok 4
659,Forsikringsmatematik,Basic Non-Life Insurance Mathematics (Skade1) MAT,Basic Non-Life Insurance Mathematics (Skade1) MAT,Bach.2.år blok 4
659,Forsikringsmatematik,Matematisk statistik (MatStat) FORSIKRING,Matematisk statistik (MatStat) FORSIKRING,Bach.2.år blok 4
401,Fødevarer og ernæring,Grundlæggende celle- og molekylærbiologi - fødevar,Grundlæggende celle- og molekylærbiologi - fødevar,Bach.1.år blok 3
401,Fødevarer og ernæring,Organisk Kemi for biovidenskab - føde ern,Organisk Kemi for biovidenskab - føde ern,Bach.1.år blok 3
401,Fødevarer og ernæring,Fødevarefremstilling og ernæring - fødevare-ern.,Fødevarefremstilling og ernæring - fødevare-ern.,Bach.1.år blok 4
401,Fødevarer og ernæring,Exploratory Data Analysis / Chemometrics,Exploratory Data Analysis / Chemometrics,Bach.2.år blok 3
401,Fødevarer og ernæring,Råvarekvalitet - fødevare,Råvarekvalitet - fødevare,Bach.2.år blok 3
401,Fødevarer og ernæring,Fødevarekemi,Fødevarekemi,Bach.2.år blok 4
401,Fødevarer og ernæring,Fødevarevidenskabsteori fød ern,Fødevarevidenskabsteori fød ern,Bach.2.år blok 4
401,Fødevarer og ernæring,"Sundhed,ernæring og livskvalitet A føde-ern","Sundhed,ernæring og livskvalitet A føde-ern",Bach.3.år blok 3
401,Fødevarer og ernæring,Analytical Chemistry - fød. ern,Analytical Chemistry - fød. ern,Bachelor blok 3
401,Fødevarer og ernæring,Indledende økonomi - fødevare,Indledende økonomi - fødevare,Bachelor blok 3
401,Fødevarer og ernæring,MIkrobiologi - føde ern.,MIkrobiologi - føde ern.,Bachelor blok 3
401,Fødevarer og ernæring,"Sygdomslære, og farmakologi - fødevare","Sygdomslære, og farmakologi - fødevare",Bachelor blok 3
401,Fødevarer og ernæring,Anvendt spektroskopi ( AnvSPEK) fødevare. ern,Anvendt spektroskopi ( AnvSPEK) fødevare. ern,Bachelor blok 4
715,Geografi & geoinformatik,By og regional udvikling,By og regional udvikling,"1. år, 3. blok"
715,Geografi & geoinformatik,Problemorienteret projektarbejde,Problemorienteret projektarbejde,"2. år, 3. blok"
715,Geografi & geoinformatik,Kulturgeografisk feltkursus,Kulturgeografisk feltkursus,Bach.1.år blok 4
715,Geografi & geoinformatik,Grundkursus i de naturvidenskabelige fags.. GEO,Grundkursus i de naturvidenskabelige fags.. GEO,Bachelor blok 4
715,Geografi & geoinformatik,Introduktion til remote sensing,Introduktion til remote sensing,Valgfag
716,Geologi & geoscience,Danmarks geologiske udvikling,Danmarks geologiske udvikling,"1. år, 4. blok"
716,Geologi & geoscience,Geologiske kort og strukturer,Geologiske kort og strukturer,"2. år, 4. blok"
716,Geologi & geoscience,Anvendt geofysik i geoscience,Anvendt geofysik i geoscience,Bach.1.år blok 4
716,Geologi & geoscience,Aqueous geochemistry,Aqueous geochemistry,Valgfag
666,Idræt og fysisk aktivitet,Idrætsfagets videnskabsteori (VtIdr) IDRÆT,Idrætsfagets videnskabsteori (VtIdr) IDRÆT,Bach.1.år blok 4
666,Idræt og fysisk aktivitet,Idræt og bevægelse med udvalgte målgrupper IDRÆT,Idræt og bevægelse med udvalgte målgrupper IDRÆT,Bachelor blok 4
666,Idræt og fysisk aktivitet,Motorisk udvikling og indlæring IDRÆT,Motorisk udvikling og indlæring IDRÆT,Bachelor blok 4
448,Integrated Food Studies,Sustainable Food Systems and Diets- Int food,Sustainable Food Systems and Diets- Int food,Kandidat blok 4
433,Landscape Architecture,"Eu Law - Environment, Agriculture & Food - LA","Eu Law - Environment, Agriculture & Food - LA",Kandidat blok 3
433,Landscape Architecture,Health Design -LA,Health Design -LA,Kandidat blok 3
433,Landscape Architecture,Planlægning i det åbne land - La,Planlægning i det åbne land - La,Kandidat blok 3
406,Landskabsarkitektur og bydesign,Naturgrundlaget 2A -Vegetation og bioressourcer-la,Naturgrundlaget 2A -Vegetation og bioressourcer-la,Bach.1.år blok 3
406,Landskabsarkitektur og bydesign,Naturgrundlaget 2B - Vegetation og økologi,Naturgrundlaget 2B - Vegetation og økologi,Bach.1.år blok 4
406,Landskabsarkitektur og bydesign,Beplantningsdesign  - LA,Beplantningsdesign  - LA,Bachelor blok 4
616,Machine learning og datavidenskab,Databases and Information Systems (DIS) MACHINE,Databases and Information Systems (DIS) MACHINE,Bach.1.år blok 4
616,Machine learning og datavidenskab,Lineær Algebra i Datalogi (LinAlgDat) MACHINE,Lineær Algebra i Datalogi (LinAlgDat) MACHINE,Bach.1.år blok 4
678,Matematik,Analyse 1 (An1) MATEMATIK,Analyse 1 (An1) MATEMATIK,Bach.1.år blok 4
678,Matematik,Geometri 1 (Geom1) MATEMATIK,Geometri 1 (Geom1) MATEMATIK,Bach.1.år blok 4
678,Matematik,Grundkursus i de naturvidenskabelige fags.. MAT,Grundkursus i de naturvidenskabelige fags.. MAT,Bach.2.år blok 4
678,Matematik,Matematisk statistik (MatStat) MATEMATIK,Matematisk statistik (MatStat) MATEMATIK,Bach.2.år blok 4
678,Matematik,Introduction to Dynamical Systems MAT,Introduction to Dynamical Systems MAT,Bachelor blok 4
678,Matematik,Matematik i undervisningsmæ.. (UvMat) MATEMATIK,Matematik i undervisningsmæ.. (UvMat) MATEMATIK,Bachelor blok 4
678,Matematik,Topology (Top) MATEMATIK,Topology (Top) MATEMATIK,Bachelor blok 4
678,Matematik,Algebraic Number Theory (AlgNT) MAT,Algebraic Number Theory (AlgNT) MAT,Kandidat blok 4
678,Matematik,Algebraic Topology 2 (AlgTop2) MAT,Algebraic Topology 2 (AlgTop2) MAT,Kandidat blok 4
678,Matematik,K-theory MAT,K-theory MAT,Kandidat blok 4
669,Matematik-Økonomi,Analyse 1 (An1) MAT-ØK,Analyse 1 (An1) MAT-ØK,Bach.1.år blok 4
669,Matematik-Økonomi,Mikroøkonomi 1 (MikØk1). MAT-ØK,Mikroøkonomi 1 (MikØk1). MAT-ØK,Bach.1.år blok 4
669,Matematik-Økonomi,Matematisk statistik (MatStat) MAT-ØK,Matematisk statistik (MatStat) MAT-ØK,Bach.2.år blok 4
669,Matematik-Økonomi,Finance 2: Dynamic Portfolio (Fin2) MAT-ØK,Finance 2: Dynamic Portfolio (Fin2) MAT-ØK,Kandidat blok 4
670,Medicinalkemi,Anvendt Spektroskopi (AnvSpek) MEDKEM,Anvendt Spektroskopi (AnvSpek) MEDKEM,Bach.1.år blok 4
670,Medicinalkemi,Kemisk binding (KemiBin) MED CHEM,Kemisk binding (KemiBin) MED CHEM,Bach.1.år blok 4
670,Medicinalkemi,Lægemiddelmetabolisme og toksicitet MEDKEM,Lægemiddelmetabolisme og toksicitet MEDKEM,Bachelor blok 4
405,Miljø- og fødevareøkonomi,Produktionsøkonomi- JØ,Produktionsøkonomi- JØ,Bach.1.år blok 3
405,Miljø- og fødevareøkonomi,Samfundsøkonomi - JØ,Samfundsøkonomi - JØ,Bach.1.år blok 3
405,Miljø- og fødevareøkonomi,Development Economics - MIL-FØD,Development Economics - MIL-FØD,Bach.1.år blok 4
405,Miljø- og fødevareøkonomi,International economics -MIL FØD,International economics -MIL FØD,Bach.1.år blok 4
405,Miljø- og fødevareøkonomi,Økonometri - JØ,Økonometri - JØ,Bach.2.år blok 3
405,Miljø- og fødevareøkonomi,Anvendt spilteori - MILJØ FØD,Anvendt spilteori - MILJØ FØD,Bach.2.år blok 4
405,Miljø- og fødevareøkonomi,Fagets videnskabsteori - økonomi - JØ,Fagets videnskabsteori - økonomi - JØ,Bach.3.år blok 3
673,Molekylær biomedicin,Cellular and Molecular Immunology MOL BIO,Cellular and Molecular Immunology MOL BIO,Bachelor blok 4
673,Molekylær biomedicin,Signaltransduktion MOL BIO,Signaltransduktion MOL BIO,Bachelor blok 4
673,Molekylær biomedicin,Laboratory Animal Science Function ABD MOL BIO,Laboratory Animal Science Function ABD MOL BIO,Kandidat blok 4
674,Nanoscience,Elektromagnetisme og elektronik (NanoF2) NANO,Elektromagnetisme og elektronik (NanoF2) NANO,Bach.1.år blok 4
674,Nanoscience,Elektrostatik og dataanalyse NANO,Elektrostatik og dataanalyse NANO,Bach.1.år blok 4
674,Nanoscience,Mekanik for nanoscience,Mekanik for nanoscience,Bach.1.år blok 4
674,Nanoscience,Advanced Quantum Chemistry (KemiVK) NANO,Advanced Quantum Chemistry (KemiVK) NANO,Bachelor blok 4
674,Nanoscience,Kvantemekanik 2 (KM2) NANO,Kvantemekanik 2 (KM2) NANO,Bachelor blok 4
674,Nanoscience,Molekylær statistik (MolStat) NANO,Molekylær statistik (MolStat) NANO,Bachelor blok 4
674,Nanoscience,Statistisk Fysik (StatFys) NANO,Statistisk Fysik (StatFys) NANO,Bachelor blok 4
441,Nature Management,Climate change mechanisms and tipping points nat.m,Climate change mechanisms and tipping points nat.m,Kandidat blok 3
441,Nature Management,"Eu Law - Environment, Agriculture & Food nat man","Eu Law - Environment, Agriculture & Food nat man",Kandidat blok 3
441,Nature Management,Geographical Information Systems (GIS) nat man,Geographical Information Systems (GIS) nat man,Kandidat blok 3
441,Nature Management,Global Environmental Governance -nat.man,Global Environmental Governance -nat.man,Kandidat blok 3
446,Naturforvaltning,Planlægning i det åbne land,Planlægning i det åbne land,Kandidat blok 3
407,Naturressourcer,Indledende økonomi - NT,Indledende økonomi - NT,Bach.1.år blok 3
407,Naturressourcer,Dyrs og Planters Diversitet -NT,Dyrs og Planters Diversitet -NT,Bach.1.år blok 4
407,Naturressourcer,Biokemi for naturressourcer - NT,Biokemi for naturressourcer - NT,Bach.2.år blok 3
407,Naturressourcer,Environmental and Natural Resource Economics - nt,Environmental and Natural Resource Economics - nt,Bach.2.år blok 3
407,Naturressourcer,Mikrobiologi NT,Mikrobiologi NT,Bach.2.år blok 3
407,Naturressourcer,Fagets videnskabsteori - NT,Fagets videnskabsteori - NT,Bach.3.år blok 3
407,Naturressourcer,Økonometri - NT,Økonometri - NT,Bach.3.år blok 3
407,Naturressourcer,Analytical Chemistry NT,Analytical Chemistry NT,Bachelor blok 3
407,Naturressourcer,"Eu Law - Environment, Agriculture & Food - NT","Eu Law - Environment, Agriculture & Food - NT",Bachelor blok 3
407,Naturressourcer,Fagets videnskabsteori - økonomi - NT,Fagets videnskabsteori - økonomi - NT,Bachelor blok 3
407,Naturressourcer,Geographical Information Systems (GIS)-  NT,Geographical Information Systems (GIS)-  NT,Bachelor blok 3
407,Naturressourcer,Samfundsøkonomi - NT,Samfundsøkonomi - NT,Bachelor blok 3
407,Naturressourcer,Videregående plantebiologi,Videregående plantebiologi,Bachelor blok 3
407,Naturressourcer,Anvendt spektroskopi ( AnvSPEK) - NT,Anvendt spektroskopi ( AnvSPEK) - NT,Bachelor blok 4
407,Naturressourcer,Anvendt spilteori - NT',Anvendt spilteori - NT',Bachelor blok 4
407,Naturressourcer,Botanik -NT,Botanik -NT,Bachelor blok 4
407,Naturressourcer,Bæredygtig afgrødeproduktion,Bæredygtig afgrødeproduktion,Bachelor blok 4
407,Naturressourcer,Development Economics - NT,Development Economics - NT,Bachelor blok 4
407,Naturressourcer,Genetik -  NT,Genetik -  NT,Bachelor blok 4
407,Naturressourcer,International economics -NT,International economics -NT,Bachelor blok 4
408,Skov- og landskabsingeniør,Økologi,Økologi,Bachelor blok 3
700,Antropologi,Faghistorie,Faghistorie,2. semester.
700,Antropologi,Antropologisk projektdesign,Antropologisk projektdesign,Kandidat 2.sem.
700,Antropologi,Economies of tech,Economies of tech,Valgfag
700,Antropologi,The anthropology of migration,The anthropology of migration,Valgfag
701,Psykologi,Biologisk psykologi & neuropsykologi,Biologisk psykologi & neuropsykologi,2. semester.
701,Psykologi,Personlighedspsykologi,Personlighedspsykologi,2. semester.
701,Psykologi,Statistik og kvantitative forskningsdesign II,Statistik og kvantitative forskningsdesign II,2. semester.
701,Psykologi,Klinisk psykologi II,Klinisk psykologi II,4. semester.
701,Psykologi,Pædagogisk psykologi,Pædagogisk psykologi,4. semester.
701,Psykologi,Udviklingpsykologi,Udviklingpsykologi,4. semester.
701,Psykologi,Videregående anvendt teori og metode,Videregående anvendt teori og metode,Klinisk
701,Psykologi,Fænomenologisk metode,Fænomenologisk metode,Metodefag
701,Psykologi,Klinisk psykologisk forskningsmetode,Klinisk psykologisk forskningsmetode,Metodefag
701,Psykologi,Kvantitativ metode: Fra idé til analyse,Kvantitativ metode: Fra idé til analyse,Metodefag
701,Psykologi,S2: Børneneuropsykologi,S2: Børneneuropsykologi,Neuro
701,Psykologi,Videregående anvendt teori og metode,Videregående anvendt teori og metode,Neuro
701,Psykologi,Praktikanalyse A&O v. Janne Skakon,Praktikanalyse A&O v. Janne Skakon,Projekt. forløb
701,Psykologi,Praktikanalyse KLINISK v. Birgit Jørgensen,Praktikanalyse KLINISK v. Birgit Jørgensen,Projekt. forløb
701,Psykologi,Praktikanalyse KLINISK v. Dea Siggaard Stenbæk,Praktikanalyse KLINISK v. Dea Siggaard Stenbæk,Projekt. forløb
701,Psykologi,Praktikanalyse KLINISK v. Jan Nielsen,Praktikanalyse KLINISK v. Jan Nielsen,Projekt. forløb
701,Psykologi,Praktikanalyse SUI v. Pernille Strøbæk,Praktikanalyse SUI v. Pernille Strøbæk,Projekt. forløb
701,Psykologi,Videregående anvendt teori og metode,Videregående anvendt teori og metode,SUI
701,Psykologi,Autisme og neurodiversitet,Autisme og neurodiversitet,Valgfag
701,Psykologi,Forståelser af stress og interventioner mod stress,Forståelser af stress og interventioner mod stress,Valgfag
701,Psykologi,Impact by design,Impact by design,Valgfag
701,Psykologi,Krop og psyke,Krop og psyke,Valgfag
701,Psykologi,Løsningsfokuseret procesfacilitering i praksis,Løsningsfokuseret procesfacilitering i praksis,Valgfag
701,Psykologi,Mentaliseringsinspireret og kontekstuelt arbejde,Mentaliseringsinspireret og kontekstuelt arbejde,Valgfag
701,Psykologi,Parforholdets psykologi,Parforholdets psykologi,Valgfag
701,Psykologi,Psykoanalysens teori og praksis,Psykoanalysens teori og praksis,Valgfag
701,Psykologi,Psykologiformidling,Psykologiformidling,Valgfag
701,Psykologi,Psykotraumatologi,Psykotraumatologi,Valgfag
701,Psykologi,Socialisationsteori,Socialisationsteori,Valgfag
701,Psykologi,Supervision i teori og praksis,Supervision i teori og praksis,Valgfag
701,Psykologi,The feeling of being,The feeling of being,Valgfag
706,Samfundsfag,Metode 1,Metode 1,2. semester.
706,Samfundsfag,Politisk teori 2,Politisk teori 2,2. semester.
706,Samfundsfag,Sociologi 1,Sociologi 1,2. semester.
706,Samfundsfag,International politik 2,International politik 2,4. semester.
706,Samfundsfag,International politik 3,International politik 3,4. semester.
706,Samfundsfag,Økonomi 2,Økonomi 2,4. semester.
706,Samfundsfag,50 years of global environmental governance,50 years of global environmental governance,Valgfag
706,Samfundsfag,Analysing public policy,Analysing public policy,Valgfag
706,Samfundsfag,Dansk udenrigspolitik: Teori og empiri,Dansk udenrigspolitik: Teori og empiri,Valgfag
706,Samfundsfag,Demokratiet i en klimakrise,Demokratiet i en klimakrise,Valgfag
706,Samfundsfag,"Forgiveness, reconciliation, and apology in ...","Forgiveness, reconciliation, and apology in ...",Valgfag
706,Samfundsfag,Hvad er juraen i international politik?,Hvad er juraen i international politik?,Valgfag
706,Samfundsfag,Jean Monnet course: The EU as an international act,Jean Monnet course: The EU as an international act,Valgfag
706,Samfundsfag,Kvalitativ metode,Kvalitativ metode,Valgfag
706,Samfundsfag,Marx i det 21.århundrede,Marx i det 21.århundrede,Valgfag
706,Samfundsfag,"Political advocacy, lobbying and the influence..","Political advocacy, lobbying and the influence..",Valgfag
706,Samfundsfag,Politologisk projektdesign,Politologisk projektdesign,Valgfag
706,Samfundsfag,Populism and the struggle for recognition,Populism and the struggle for recognition,Valgfag
706,Samfundsfag,Propaganda and disinformation on social media,Propaganda and disinformation on social media,Valgfag
706,Samfundsfag,Psykologisk bias i offentlig forvaltning,Psykologisk bias i offentlig forvaltning,Valgfag
706,Samfundsfag,Securitization theory and its critics,Securitization theory and its critics,Valgfag
706,Samfundsfag,"Security, uncertainty and politics of complexity","Security, uncertainty and politics of complexity",Valgfag
706,Samfundsfag,Statistical models beyond linear regression,Statistical models beyond linear regression,Valgfag
706,Samfundsfag,Theories of political representation,Theories of political representation,Valgfag
706,Samfundsfag,Transnationalism in global climate politics,Transnationalism in global climate politics,Valgfag
702,Sociologi,Basic statistics,Basic statistics,2. semester.
702,Sociologi,Nyere statistiske analysestrategier,Nyere statistiske analysestrategier,2. semester.
702,Sociologi,Sociologisk teori og faghistorie,Sociologisk teori og faghistorie,2. semester.
702,Sociologi,Videnskab og samfund,Videnskab og samfund,2. semester.
702,Sociologi,Kritisk læsning og re-analyse,Kritisk læsning og re-analyse,4. semester.
702,Sociologi,Sociologiske teoriudviklinger,Sociologiske teoriudviklinger,4. semester.
702,Sociologi,"Viden, organisation og politik","Viden, organisation og politik",4. semester.
702,Sociologi,Anvendt case-analyse,Anvendt case-analyse,6. semester.
702,Sociologi,Metodologi og undersøgelsesdesign,Metodologi og undersøgelsesdesign,6. semester.
702,Sociologi,Critical theory,Critical theory,Valgfag
702,Sociologi,Experimental sociology,Experimental sociology,Valgfag
702,Sociologi,Sociologisk projektdesign,Sociologisk projektdesign,Valgfag
703,Statskundskab,Metode 1,Metode 1,2. semester.
703,Statskundskab,Politisk teori 2,Politisk teori 2,2. semester.
703,Statskundskab,Sociologi 1,Sociologi 1,2. semester.
703,Statskundskab,International politik 2,International politik 2,4. semester.
703,Statskundskab,International politik 3,International politik 3,4. semester.
703,Statskundskab,Økonomi 2,Økonomi 2,4. semester.
703,Statskundskab,Offentlig politik,Offentlig politik,6. semester.
703,Statskundskab,50 years of global environmental governance,50 years of global environmental governance,Valgfag
703,Statskundskab,Analysing public policy,Analysing public policy,Valgfag
703,Statskundskab,Dansk udenrigspolitik: Teori og empiri,Dansk udenrigspolitik: Teori og empiri,Valgfag
703,Statskundskab,Demokratiet i en klimakrise,Demokratiet i en klimakrise,Valgfag
703,Statskundskab,"Forgiveness, reconciliation, and apology in...","Forgiveness, reconciliation, and apology in...",Valgfag
703,Statskundskab,Hvad er juraen i international politik?,Hvad er juraen i international politik?,Valgfag
703,Statskundskab,Jean Monnet Course: The EU as an international act,Jean Monnet Course: The EU as an international act,Valgfag
703,Statskundskab,Kvalitativ metode,Kvalitativ metode,Valgfag
703,Statskundskab,Marx i det 21.århundrede,Marx i det 21.århundrede,Valgfag
703,Statskundskab,"Political advocacy, lobbying and the influence...","Political advocacy, lobbying and the influence...",Valgfag
703,Statskundskab,Politologisk projektdesign,Politologisk projektdesign,Valgfag
703,Statskundskab,Populism and the struggle for recognition,Populism and the struggle for recognition,Valgfag
703,Statskundskab,Propaganda and disinformation on social media,Propaganda and disinformation on social media,Valgfag
703,Statskundskab,Psykologisk bias i offentlig forvaltning,Psykologisk bias i offentlig forvaltning,Valgfag
703,Statskundskab,Securitization theory and its critics,Securitization theory and its critics,Valgfag
703,Statskundskab,"Security, uncertainty and politics of complexity","Security, uncertainty and politics of complexity",Valgfag
703,Statskundskab,Statistical models beyond linear regression,Statistical models beyond linear regression,Valgfag
703,Statskundskab,Theories of political representation,Theories of political representation,Valgfag
703,Statskundskab,Transnationalism in global climate politics,Transnationalism in global climate politics,Valgfag
704,Økonomi,Erhvervsøkonomi,Erhvervsøkonomi,2. semester.
704,Økonomi,Matematik B,Matematik B,2. semester.
704,Økonomi,Samfundsbeskrivelse B,Samfundsbeskrivelse B,2. semester.
704,Økonomi,Økonomiske principper B,Økonomiske principper B,2. semester.
704,Økonomi,Makroøkonomi II,Makroøkonomi II,4. semester.
704,Økonomi,Mikroøkonomi II,Mikroøkonomi II,4. semester.
704,Økonomi,Videnskabsteori for økonomer,Videnskabsteori for økonomer,4. semester.
704,Økonomi,Økonometri I,Økonometri I,4. semester.
704,Økonomi,Økonomisk historie,Økonomisk historie,5. semester.
704,Økonomi,Anvendt økonomi med konsulentmetode,Anvendt økonomi med konsulentmetode,Seminar
704,Økonomi,Strategisk ledelse,Strategisk ledelse,Seminar
704,Økonomi,Topics in sovereign debt,Topics in sovereign debt,Seminar
704,Økonomi,Advanced development economics - micro aspects,Advanced development economics - micro aspects,Valgfag
704,Økonomi,Advanced empirical finance,Advanced empirical finance,Valgfag
704,Økonomi,Advanced macroeconomics: Business cycles,Advanced macroeconomics: Business cycles,Valgfag
704,Økonomi,Advanced strategic management,Advanced strategic management,Valgfag
704,Økonomi,Analyse og dynamisk optimering,Analyse og dynamisk optimering,Valgfag
704,Økonomi,Applied econometric policy evaluation,Applied econometric policy evaluation,Valgfag
704,Økonomi,Demography,Demography,Valgfag
704,Økonomi,Development economics,Development economics,Valgfag
704,Økonomi,Econometrics II,Econometrics II,Valgfag
704,Økonomi,Economic sociology,Economic sociology,Valgfag
704,Økonomi,Economics of banking,Economics of banking,Valgfag
704,Økonomi,Economics of the environment and climate change,Economics of the environment and climate change,Valgfag
704,Økonomi,Erhvervsret,Erhvervsret,Valgfag
704,Økonomi,Field experiments,Field experiments,Valgfag
704,Økonomi,Health economic evaluations,Health economic evaluations,Valgfag
704,Økonomi,Industrial organization,Industrial organization,Valgfag
704,Økonomi,International economics,International economics,Valgfag
704,Økonomi,Pricing financial assets,Pricing financial assets,Valgfag
704,Økonomi,Tax policy,Tax policy,Valgfag
423,Animal Science,Quantitative Genomics and Breeding-ANI SCI,Quantitative Genomics and Breeding-ANI SCI,Kandidat blok 4
620,Farmaceutuddannelsen,Lægemiddelmetabolisme og toksicitet FARMA,Lægemiddelmetabolisme og toksicitet FARMA,Bachelor blok 4
620,Farmaceutuddannelsen,Farmaceutisk biologi FARMA,Farmaceutisk biologi FARMA,Bachelor sem. 2
620,Farmaceutuddannelsen,Farmaceutisk fysisk kemi I - thermodynamik... FARM,Farmaceutisk fysisk kemi I - thermodynamik... FARM,Bachelor sem. 2
620,Farmaceutuddannelsen,Kvalitetsvurdering af farmaceutiske råvarer FARMA,Kvalitetsvurdering af farmaceutiske råvarer FARMA,Bachelor sem. 2
620,Farmaceutuddannelsen,Organisk kemi II FARMA,Organisk kemi II FARMA,Bachelor sem. 2
620,Farmaceutuddannelsen,Farmaceutisk analytisk kemi FARMA,Farmaceutisk analytisk kemi FARMA,Bachelor sem. 4
620,Farmaceutuddannelsen,Farmaci I - flydende og halv-faste læge.. FARMA,Farmaci I - flydende og halv-faste læge.. FARMA,Bachelor sem. 4
620,Farmaceutuddannelsen,Organfarmakologi FARMA,Organfarmakologi FARMA,Bachelor sem. 4
714,Folkesundhedsvidenskab,Epidemiologi 2,Epidemiologi 2,2. semester.
714,Folkesundhedsvidenskab,Statistik,Statistik,2. semester.
714,Folkesundhedsvidenskab,Sygdomslære for ikke-klinikere,Sygdomslære for ikke-klinikere,2. semester.
714,Folkesundhedsvidenskab,Miljø og bæredygtighed,Miljø og bæredygtighed,4. semester.
714,Folkesundhedsvidenskab,Sundhedsøkonomi,Sundhedsøkonomi,4. semester.
714,Folkesundhedsvidenskab,Forvaltningslære og forvaltningsret,Forvaltningslære og forvaltningsret,6. semester.
714,Folkesundhedsvidenskab,Epidemiology (PH.D),Epidemiology (PH.D),Ph.D
714,Folkesundhedsvidenskab,Perinatal and early life epidemiology,Perinatal and early life epidemiology,Valgfag
714,Folkesundhedsvidenskab,Reproductive technologies and family ties,Reproductive technologies and family ties,Valgfag
714,Folkesundhedsvidenskab,Sundhedsprofessioner i forandring,Sundhedsprofessioner i forandring,Valgfag
601,Humanbiologi,Pharmacology and Toxicology HUM BIO,Pharmacology and Toxicology HUM BIO,Kandidat blok 3
601,Humanbiologi,Course in Laboratory Animal Science HUMBIO,Course in Laboratory Animal Science HUMBIO,Kandidat blok 4
402,Husdyrvidenskab,Kemi (KemiBio) - husdyr,Kemi (KemiBio) - husdyr,Bach.1.år blok 3
402,Husdyrvidenskab,Mikrobiologi - husdyr,Mikrobiologi - husdyr,Bach.1.år blok 3
402,Husdyrvidenskab,Introduktion til Erhvervsøkonomi - Husdyr,Introduktion til Erhvervsøkonomi - Husdyr,Bach.1.år blok 4
402,Husdyrvidenskab,Sundhed og Velfærd,Sundhed og Velfærd,Bach.2.år blok 3
402,Husdyrvidenskab,Sundhed og Velfærd - HUSDYR,Sundhed og Velfærd - HUSDYR,Bach.2.år blok 4
402,Husdyrvidenskab,Dyrs ernæring og præstation - husdyr,Dyrs ernæring og præstation - husdyr,Bach.3.år blok 3
402,Husdyrvidenskab,Produktionsøkonomi - husdyr,Produktionsøkonomi - husdyr,Bachelor blok 3
402,Husdyrvidenskab,Råvarekvalitet - husdyr,Råvarekvalitet - husdyr,Bachelor blok 3
402,Husdyrvidenskab,Bæredygtig afgrødeproduktion,Bæredygtig afgrødeproduktion,Bachelor blok 4
402,Husdyrvidenskab,Dyrs livsformer og funktion -husdyr,Dyrs livsformer og funktion -husdyr,Bachelor blok 4
402,Husdyrvidenskab,Genetik - Husdyr,Genetik - Husdyr,Bachelor blok 4
614,Immunology and inflammation,Skin Immunology IMMUNOLOGY,Skin Immunology IMMUNOLOGY,Kandidat blok 4
600,Medicin,Kursus i basal humanbiologi og cellens kemiske kom,Kursus i basal humanbiologi og cellens kemiske kom,Bachelor sem. 1
600,Medicin,Kursus i tidlig patientkontakt og førstehjælp MED,Kursus i tidlig patientkontakt og førstehjælp MED,Bachelor sem. 1
600,Medicin,Boghandleren anbefaler også disse:,Boghandleren anbefaler også disse:,Bachelor sem. 1
600,Medicin,Kursus i excitable celler MEDICIN,Kursus i excitable celler MEDICIN,Bachelor sem. 2
600,Medicin,Kursus i medicinsk celle- og vævsbiologi MED,Kursus i medicinsk celle- og vævsbiologi MED,Bachelor sem. 2
600,Medicin,Kursus i medicinsk genetik MEDICIN,Kursus i medicinsk genetik MEDICIN,Bachelor sem. 2
600,Medicin,Kursus i medicinsk psykologi og sundhedspsykologi,Kursus i medicinsk psykologi og sundhedspsykologi,Bachelor sem. 2
600,Medicin,Boghandleren anbefaler også disse:,Boghandleren anbefaler også disse:,Bachelor sem. 2
600,Medicin,"Kursus i hoved,hals,bevægeapparatet MED","Kursus i hoved,hals,bevægeapparatet MED",Bachelor sem. 3
600,Medicin,Tidlig klinisk ophold MEDICIN,Tidlig klinisk ophold MEDICIN,Bachelor sem. 3
600,Medicin,Boghandleren anbefaler også disse:,Boghandleren anbefaler også disse:,Bachelor sem. 3
600,Medicin,"Kursus i mave, tarm og lever MEDICIN","Kursus i mave, tarm og lever MEDICIN",Bachelor sem. 4
600,Medicin,Kursus i medicinsk etik og filosofi MEDICIN,Kursus i medicinsk etik og filosofi MEDICIN,Bachelor sem. 4
600,Medicin,Boghandleren anbefaler også disse:,Boghandleren anbefaler også disse:,Bachelor sem. 4
600,Medicin,Forberedende kursus i bachelorprojekt MEDICIN,Forberedende kursus i bachelorprojekt MEDICIN,Bachelor sem. 5
600,Medicin,Kursus i basal farmakologi MEDICIN,Kursus i basal farmakologi MEDICIN,Bachelor sem. 5
600,Medicin,Kursus i basal patologi MEDICIN,Kursus i basal patologi MEDICIN,Bachelor sem. 5
600,Medicin,"Kursus i endokrinologi, reproduktion og blod","Kursus i endokrinologi, reproduktion og blod",Bachelor sem. 5
600,Medicin,Kursus i immunologi MEDICIN,Kursus i immunologi MEDICIN,Bachelor sem. 5
600,Medicin,Kursus i nyrer- og urinveje MEDICIN,Kursus i nyrer- og urinveje MEDICIN,Bachelor sem. 5
600,Medicin,Boghandleren anbefaler også disse:,Boghandleren anbefaler også disse:,Bachelor sem. 5
600,Medicin,CAMES: Ultralydsskanning og ledundersøgelse,CAMES: Ultralydsskanning og ledundersøgelse,Bachelor sem. 6
600,Medicin,Kursus i diagnostiske fag MEDICIN,Kursus i diagnostiske fag MEDICIN,Bachelor sem. 6
600,Medicin,Mikrobiologisk øvelseskursus MEDICIN,Mikrobiologisk øvelseskursus MEDICIN,Bachelor sem. 6
600,Medicin,Tema A: Mikrobiologi,Tema A: Mikrobiologi,Bachelor sem. 6
600,Medicin,Tema C: Endokrinologi MEDICIN,Tema C: Endokrinologi MEDICIN,Bachelor sem. 6
600,Medicin,Boghandleren anbefaler også disse:,Boghandleren anbefaler også disse:,Bachelor sem. 6
600,Medicin,Grundlæggende klinik inkl. CAMES MEDICIN,Grundlæggende klinik inkl. CAMES MEDICIN,Kandidat sem. 1
600,Medicin,"Tema G, Gastroenterologi MEDICIN","Tema G, Gastroenterologi MEDICIN",Kandidat sem. 1
600,Medicin,Tema H:Nefro-urologi MEDICIN,Tema H:Nefro-urologi MEDICIN,Kandidat sem. 1
600,Medicin,Boghandleren anbefaler også disse:,Boghandleren anbefaler også disse:,Kandidat sem. 1
600,Medicin,CAMES: Kommunikation & stuegang/fællesundervisning,CAMES: Kommunikation & stuegang/fællesundervisning,Kandidat sem. 2
600,Medicin,Klinisk kursus i anæstesiologi MEDICIN,Klinisk kursus i anæstesiologi MEDICIN,Kandidat sem. 2
600,Medicin,Klinisk kursus i intern medicin MEDICIN,Klinisk kursus i intern medicin MEDICIN,Kandidat sem. 2
600,Medicin,Klinisk kursus i kirurgi MEDICIN,Klinisk kursus i kirurgi MEDICIN,Kandidat sem. 2
600,Medicin,Boghandleren anbefaler også disse:,Boghandleren anbefaler også disse:,Kandidat sem. 2
600,Medicin,Klinisk kursus i oftalmologi MEDICIN,Klinisk kursus i oftalmologi MEDICIN,Kandidat sem. 3
600,Medicin,Kursus i arbejds- og miljømedicin MEDICIN,Kursus i arbejds- og miljømedicin MEDICIN,Kandidat sem. 3
600,Medicin,"SEMS, statistik, epidimiologi... MEDICIN","SEMS, statistik, epidimiologi... MEDICIN",Kandidat sem. 3
600,Medicin,Klinisk kursus i neurologi og neurokirurgi,Klinisk kursus i neurologi og neurokirurgi,Kandidat sem. 4
600,Medicin,Klinisk kursus i socialmedicin og rehab.. MEDICIN,Klinisk kursus i socialmedicin og rehab.. MEDICIN,Kandidat sem. 4
600,Medicin,Kursus i retsmedicin,Kursus i retsmedicin,Kandidat sem. 4
600,Medicin,Psykiatri inklusive børne- og unge... MEDICIN,Psykiatri inklusive børne- og unge... MEDICIN,Kandidat sem. 4
600,Medicin,Boghandleren anbefaler også disse:,Boghandleren anbefaler også disse:,Kandidat sem. 4
600,Medicin,Kursus i basal og klinisk sexologi MEDICIN,Kursus i basal og klinisk sexologi MEDICIN,Kandidat sem. 5
600,Medicin,Kursus i etiske dilemmaer indenfor medicin MEDICIN,Kursus i etiske dilemmaer indenfor medicin MEDICIN,Kandidat sem. 5
600,Medicin,Kursus i gerontologi MEDICIN,Kursus i gerontologi MEDICIN,Kandidat sem. 5
600,Medicin,Kursus og eksamen i klinisk beslutningslære,Kursus og eksamen i klinisk beslutningslære,Kandidat sem. 5
600,Medicin,Klinisk kursus i almen medicin MEDICIN,Klinisk kursus i almen medicin MEDICIN,Kandidat sem. 6
600,Medicin,Klinisk kursus i gynækologi og obstetrik MEDICIN,Klinisk kursus i gynækologi og obstetrik MEDICIN,Kandidat sem. 6
600,Medicin,Klinisk kursus i pædiatri MEDICIN,Klinisk kursus i pædiatri MEDICIN,Kandidat sem. 6
600,Medicin,Kursus i akut patient MEDICIN,Kursus i akut patient MEDICIN,Kandidat sem. 6
600,Medicin,Boghandleren anbefaler også disse:,Boghandleren anbefaler også disse:,Kandidat sem. 6
607,Odontologi,Kursus i excitable celler ODONT,Kursus i excitable celler ODONT,Bachelor sem. 2
607,Odontologi,Kursus i medicinsk celle- og vævsbiologi ODONT,Kursus i medicinsk celle- og vævsbiologi ODONT,Bachelor sem. 2
607,Odontologi,Tændernes udvikling og struktur ODONT,Tændernes udvikling og struktur ODONT,Bachelor sem. 2
607,Odontologi,Boghandleren anbefaler også disse:,Boghandleren anbefaler også disse:,Bachelor sem. 2
607,Odontologi,Biokemi ODONT,Biokemi ODONT,Bachelor sem. 4
607,Odontologi,Kursus i klinisk introduktion ODONT,Kursus i klinisk introduktion ODONT,Bachelor sem. 4
607,Odontologi,Kursus i oral mikrobiologi ODONT,Kursus i oral mikrobiologi ODONT,Bachelor sem. 4
607,Odontologi,Kursus i sundhedsinformatik ODONT,Kursus i sundhedsinformatik ODONT,Bachelor sem. 4
607,Odontologi,Præklinisk kursus i materialelære... ODONT,Præklinisk kursus i materialelære... ODONT,Bachelor sem. 4
607,Odontologi,Radiologi 1 ODONT,Radiologi 1 ODONT,Bachelor sem. 4
607,Odontologi,Studium Generale ODONT,Studium Generale ODONT,Bachelor sem. 4
607,Odontologi,Boghandleren anbefaler også disse:,Boghandleren anbefaler også disse:,Bachelor sem. 4
607,Odontologi,Klinisk oral fysiologi 2 ODONT,Klinisk oral fysiologi 2 ODONT,Bachelor sem. 6
607,Odontologi,Kursus i basal endodonti ODONT,Kursus i basal endodonti ODONT,Bachelor sem. 6
607,Odontologi,Kursus i basal parodontologi 2 ODONT,Kursus i basal parodontologi 2 ODONT,Bachelor sem. 6
607,Odontologi,Kursus i indirekte enkelttandsrestaureringer ODONT,Kursus i indirekte enkelttandsrestaureringer ODONT,Bachelor sem. 6
607,Odontologi,Kursus i plastiske restaureringer 2 ODONT,Kursus i plastiske restaureringer 2 ODONT,Bachelor sem. 6
607,Odontologi,"Cariologi, plastiske restaureringer....  ODONT","Cariologi, plastiske restaureringer....  ODONT",Kandidat sem. 2
607,Odontologi,Kursus i oral kirurgi 1 ODONT,Kursus i oral kirurgi 1 ODONT,Kandidat sem. 2
607,Odontologi,Kursus i oral rehabilitering 2 ODONT,Kursus i oral rehabilitering 2 ODONT,Kandidat sem. 2
607,Odontologi,Kursus i pædodonti og klinisk genetik 1 ODONT,Kursus i pædodonti og klinisk genetik 1 ODONT,Kandidat sem. 2
607,Odontologi,Kursus i udvidet parodontologi 2 ODONT,Kursus i udvidet parodontologi 2 ODONT,Kandidat sem. 2
607,Odontologi,Oral Patologi og medicin 1 ODONT,Oral Patologi og medicin 1 ODONT,Kandidat sem. 2
607,Odontologi,Regenerativ parodontalkirurgi (valgfag) ODONT,Regenerativ parodontalkirurgi (valgfag) ODONT,Kandidat sem. 2
607,Odontologi,Kursus i oral kirurgi 3 ODONT,Kursus i oral kirurgi 3 ODONT,Kandidat sem. 4
607,Odontologi,Kursus i samfunds- og retsodontologi ODONT,Kursus i samfunds- og retsodontologi ODONT,Kandidat sem. 4
607,Odontologi,Oral patologi og medicin 3 ODONT,Oral patologi og medicin 3 ODONT,Kandidat sem. 4
602,Sundhed og Informatik (tidligere IT og Sundhed),Epidemiologi SUNDHED OG INFO,Epidemiologi SUNDHED OG INFO,Bachelor sem. 2
602,Sundhed og Informatik (tidligere IT og Sundhed),Organisationsanalyse SUNDHED OG INFO,Organisationsanalyse SUNDHED OG INFO,Bachelor sem. 2
602,Sundhed og Informatik (tidligere IT og Sundhed),Kvantitative & kvalitative undersøge.. SUNDHED,Kvantitative & kvalitative undersøge.. SUNDHED,Bachelor sem. 4
602,Sundhed og Informatik (tidligere IT og Sundhed),"Sygdomslære for ikke-klinikere, SUNDHED & INFO","Sygdomslære for ikke-klinikere, SUNDHED & INFO",Bachelor sem. 4
608,Sundhedsfaglig kandidat,Kvalitative metoder.,Kvalitative metoder.,Kandidat 2.sem.
608,Sundhedsfaglig kandidat,Forandringsledelse i sundhedsvæsenet,Forandringsledelse i sundhedsvæsenet,Kandidat Valgfag
608,Sundhedsfaglig kandidat,"Psykologi, sundhedspsykologi: SUNDFAG KAND","Psykologi, sundhedspsykologi: SUNDFAG KAND",Kandidat sem. 2
609,Tandklinikassistent - SKT,Basislitteratur Grundforløb TANDKLINIKASS.,Basislitteratur Grundforløb TANDKLINIKASS.,Grundforløb
609,Tandklinikassistent - SKT,Basislitteratur Hovedforløb - Tandklinikass. SKT,Basislitteratur Hovedforløb - Tandklinikass. SKT,Hovedforløb
609,Tandklinikassistent - SKT,Specialevalgfag Hovedforløb TANDKLINIKASS.,Specialevalgfag Hovedforløb TANDKLINIKASS.,Hovedforløb
610,Tandplejer - SKT,Oral radiologi TANDPLEJE,Oral radiologi TANDPLEJE,2. semester
610,Tandplejer - SKT,"Sundhedsfremme, forebyggelse og relationer TANDPLE","Sundhedsfremme, forebyggelse og relationer TANDPLE",2. semester
610,Tandplejer - SKT,Tandpleje 1   Grundlæggende klinisk virksomhed,Tandpleje 1   Grundlæggende klinisk virksomhed,2. semester
610,Tandplejer - SKT,Videnskabsteori og metode TANDPLEJE,Videnskabsteori og metode TANDPLEJE,2. semester
610,Tandplejer - SKT,Tandpleje Modul 11,Tandpleje Modul 11,Modul 11
610,Tandplejer - SKT,Tandpleje Modul 7,Tandpleje Modul 7,Modul 7
610,Tandplejer - SKT,Tandpleje Modul 8,Tandpleje Modul 8,Modul 8
409,Veterinærmedicin -  Bachelor,Veterinær genetik - vet.,Veterinær genetik - vet.,Bach.1.år blok 3
409,Veterinærmedicin -  Bachelor,Veterinær Anatomi og fysiologi - 2 VET,Veterinær Anatomi og fysiologi - 2 VET,Bach.1.år blok 4
409,Veterinærmedicin -  Bachelor,Basal Statistik og Epidemiologi,Basal Statistik og Epidemiologi,Bach.2.år blok 3
409,Veterinærmedicin -  Bachelor,Veterinær farmakologi og toksikologi - Vet,Veterinær farmakologi og toksikologi - Vet,Bach.2.år blok 3
409,Veterinærmedicin -  Bachelor,Mikrobiel fødevaresikkerhed - VET,Mikrobiel fødevaresikkerhed - VET,Bach.2.år blok 4
409,Veterinærmedicin -  Bachelor,Veterinær farmakologi og toksikologi VET,Veterinær farmakologi og toksikologi VET,Bach.2.år blok 4
409,Veterinærmedicin -  Bachelor,Anvendt Etologi,Anvendt Etologi,Bach.3.år blok 3
409,Veterinærmedicin -  Bachelor,Basal klinisk teori hos store husdyr,Basal klinisk teori hos store husdyr,Bach.3.år blok 3
409,Veterinærmedicin -  Bachelor,Retsmedicin og Forsøgsdyrskundskab,Retsmedicin og Forsøgsdyrskundskab,Bach.3.år blok 4
409,Veterinærmedicin -  Bachelor,Speciel patologi og fjerkræsygdomme - Praktisk vet,Speciel patologi og fjerkræsygdomme - Praktisk vet,Bach.3.år blok 4
409,Veterinærmedicin -  Bachelor,Veterinær retsmedicin og dyrevelfærdsvurdering-VET,Veterinær retsmedicin og dyrevelfærdsvurdering-VET,Bach.3.år blok 4
437,Veterinærmedicin - Kandidat,Besætningsrådgivning og Veterinær Folkesundhed,Besætningsrådgivning og Veterinær Folkesundhed,Kandidat blok 3
437,Veterinærmedicin - Kandidat,"Akutmedicin, obstetrik, intensiv terapi og kl. vet","Akutmedicin, obstetrik, intensiv terapi og kl. vet",Kandidat blok 4
437,Veterinærmedicin - Kandidat,Biomedicine - VET,Biomedicine - VET,Kandidat blok 4
437,Veterinærmedicin - Kandidat,Hestedifferentiering - klinisk praksis -VET,Hestedifferentiering - klinisk praksis -VET,Kandidat blok 4
437,Veterinærmedicin - Kandidat,Laboratory Animal Science  Function ABD -VET,Laboratory Animal Science  Function ABD -VET,Kandidat blok 4
437,Veterinærmedicin - Kandidat,Praktisk besætningsrådgivning og kødkontrol - VET,Praktisk besætningsrådgivning og kødkontrol - VET,Kandidat blok 4
437,Veterinærmedicin - Kandidat,Veterinary Paraclinics -VET,Veterinary Paraclinics -VET,Kandidat blok 4
437,Veterinærmedicin - Kandidat,Veterinary imaging -VET,Veterinary imaging -VET,Kandidat blok 4
910,Teologi Bachelor,BA-2. semester: Etik og Religionsfilosofi 1,BA-2. semester: Etik og Religionsfilosofi 1,1.år/2.sem/Bach
910,Teologi Bachelor,"BA-4. semester: Hebraisk 1 - Hold A, B","BA-4. semester: Hebraisk 1 - Hold A, B",2.år/4.sem/Bach
910,Teologi Bachelor,BA-4. semester: Kirke- og Teologihistorie 2 - B,BA-4. semester: Kirke- og Teologihistorie 2 - B,2.år/4.sem/Bach
910,Teologi Bachelor,BA-6. semester: Det Gamle Testamentes Eksegese 1,BA-6. semester: Det Gamle Testamentes Eksegese 1,3.år/6.sem/Bach
910,Teologi Bachelor,BA-6. semester: Dogmatik med Økumenisk Teologi 2 -,BA-6. semester: Dogmatik med Økumenisk Teologi 2 -,3.år/6.sem/Bach
911,Teologi Kandidat,VF Philosophy of Mental Health,VF Philosophy of Mental Health,Kandidatfag
